"TPS_ID","Scan_ID","subacc_roi_mask","rInsula_roi_mask","lInsula_roi_mask","functional_combined_roi_mask","dmpfc_roi_mask","mmpfc_roi_mask","vmpfc_roi_mask","mpfc_roi_mask","precuneus_roi_mask","lTpj_roi_mask","rTpj_roi_mask","rSts_roi_mask","saxe_combined_mask","ns_ment_mask","ns_ment_clust1_mask","ns_ment_clust2_mask","ns_ment_clust3_mask","ns_ment_clust4_mask","ns_ment_clust5_mask","ns_ment_clust6_mask","ns_ment_clust7_mask","ns_ment_clust8_mask","adult_lIFG_mask","adult_vACC_mask","adult_posteriorCingulate_mask","adult_precuneus_mask","adult_precentralGyrus_mask","ado_lateralOFC_mask","ado_vs_mask","rotge_dacc1_mask","rotge_dacc2_mask","dACC_anatomical"
"TPS1F0014","110726ss",0.18478313,-0.24925154,0.013400006,0.2800174,-1.228875,-1.5706512,-0.41399127,-1.0730448,-1.2466857,-0.57000035,-0.78808874,-0.30879733,-0.7893969,-0.7047749,-0.25939617,-0.788807,-1.4549648,-1.3127322,0.40028137,-0.59252286,-0.87474114,0.15381096,-0.43107384,0.10208228,-0.21758908,-1.4011853,0.37507,0.23457558,0.05782914,-1.257171,-1.7906643,-1.4776
"TPS1F0015","110725bb",1.7432576,2.3511584,2.7326481,2.134479,2.4244907,2.2894893,2.759423,2.4916594,2.2137253,0.51941836,1.1556975,1.3481963,1.545418,1.7820867,0.80462193,1.2758054,2.6270266,2.335539,2.8322778,1.8417306,0.033978924,2.266399,2.8019373,4.257222,2.1352818,2.8140712,1.4461836,2.3270159,1.9875681,2.098463,2.4878154,1.9311
"TPS1F0016","110730zb",0.39892367,0.7530666,0.55515546,0.5192545,0.32866332,-0.30506572,-0.9397793,-0.57812566,-0.79348016,-0.18713945,-0.1109912,-0.034020945,-0.33976778,-0.24254626,-0.010438795,-0.14901721,0.14551012,-0.82319796,-0.8801582,-0.16695377,-0.27102605,0.03255703,0.6937842,-0.5419324,-0.47447386,-0.3150184,-0.45580122,0.11164561,0.4314187,-0.4080378,-0.33157665,-0.4857
"TPS1F0017","110730dw",-0.059137613,0.20951158,0.2296066,0.018233614,-0.41106033,-0.48757616,-0.4958977,-0.49115622,-0.76037335,-0.25169575,-0.037513584,-0.136664,-0.33877093,-0.27082586,-0.23077942,-0.0034398292,-0.43600434,-0.4698648,-0.53877074,0.09935272,-0.28588048,-0.09624734,-0.09871645,-0.33276814,-1.4219534,-1.3363677,-0.70276237,-0.033376597,-0.06278803,-0.49290693,-0.41560337,-0.7583
"TPS1F0018","110730gp",-0.2697729,-0.8011071,-0.9736823,-0.4447228,-0.034927737,-0.17447063,-1.3190826,-0.6668938,-1.1909457,-0.4648914,-0.46612895,-0.09455254,-0.5772585,-0.5161075,-0.2948062,-0.45708227,0.02316676,-1.1773947,-1.5177348,-0.024200026,-0.47076526,-0.32722262,-0.83674276,-0.68041795,-1.3303245,-1.3305326,-0.616717,-0.9920988,-0.80729645,-0.621261,-0.5034514,-0.6613
"TPS1F0020","110814gb",-0.15877578,-0.11300286,0.46887478,-0.010309197,0.5031945,1.0283793,0.033684075,0.60045177,0.22786045,0.108671054,0.3271611,0.059174165,0.25016913,0.3179724,0.25473523,0.43022752,0.7872144,0.44367006,-0.2791751,-0.039216135,0.08429413,0.3049855,0.25030032,0.17738205,-0.15913843,0.73474795,-0.12673382,0.335652,-0.26848242,-0.22673851,0.3639251,0.2284
"TPS1F0021","110814ld",1.0025367,0.3695188,0.5208298,0.93532753,0.671852,1.2274177,0.92998743,1.0994604,-0.1798979,0.52589715,0.11065479,0.18516496,0.30974513,0.24807042,-0.022902567,0.09081565,0.96870494,-0.26698896,0.836873,0.43204862,0.46306297,-0.3441978,0.09950658,0.80648685,0.55222785,-0.0066429386,0.5778188,0.15508927,0.14311059,-0.19772898,-0.035883863,0.1679
"TPS1F0022","110731te",0.12323996,0.35744506,0.21455339,0.18866701,0.3106636,0.5565274,0.18788461,0.3979337,0.38352033,0.09510883,0.21070568,0.23268996,0.26472512,0.32325956,0.22730795,0.33417648,0.48635894,0.43651307,0.13560018,0.22086385,0.19564223,0.49825913,-0.0036456345,0.44507608,0.66482127,0.56305957,0.13513063,0.059647806,0.22736633,0.040548738,0.0046559265,0.0833
"TPS1F0023","110805jl",0.22422487,-1.6597348,-0.009182373,-0.069110245,-1.2148737,-1.4223137,-2.1148524,-1.7202507,-2.0261378,-0.99151254,-1.0315701,-1.2912291,-1.4227167,-1.2196808,-1.0487882,-1.0070177,-1.0457263,-1.9671572,-2.3171117,-2.2893755,-0.8634761,-0.7423255,-1.1356825,-1.9427387,-0.9209813,-2.0750256,-1.9718568,-1.1701286,-0.53049,-2.4340584,-2.4545584,0.3959
"TPS1F0024","110820cr",0.3453945,0.2681926,0.4889887,0.30098853,0.6496445,0.66693175,0.42125762,0.5612403,0.33503452,0.11056571,0.08108736,0.21888398,0.2567684,0.32326463,0.090776995,0.076819435,0.7686893,0.3223993,0.21506172,0.19231091,0.2182039,0.3753015,0.58739257,0.15602523,0.61548525,0.30064008,0.10354921,0.5458254,0.059385773,-0.14386375,0.14201857,0.0646
"TPS1F0025","110925ds",-0.13993199,-0.3128244,-0.6333999,-0.28875545,-1.0605301,-1.2050297,-1.2983109,-1.2451601,-1.1584516,-0.9031444,-0.4571521,-0.20552987,-0.7743552,-0.7523403,-0.35960552,-0.5154684,-0.9981675,-1.0491053,-1.6049411,-0.11629466,-0.9122896,-0.28914118,-0.8253013,-0.7736711,-0.93683606,-1.2228062,-0.57682276,-1.002765,-0.2995552,-1.4950821,-1.4064232,-1.5743
"TPS1F0026","110812sc",-0.09232381,-0.037320796,0.20569333,0.1155638,0.72180486,0.5499163,0.72161794,0.623784,-0.1759548,0.02697957,0.4745997,0.40605125,0.2561642,0.35429305,0.078042,0.30135718,0.84091854,-0.04061376,0.4764372,0.45590502,-0.029077217,0.643328,-0.12048596,0.26850164,-0.6972956,-0.2734744,0.8204566,-0.03645859,-0.7690022,-0.37815574,-0.21983217,-0.4641
"TPS1F0027","110815jg",0.42641628,-0.12854849,0.6328689,0.598215,0.027735822,0.45695576,0.07522099,0.29272974,-0.67208236,-0.011615291,0.3877013,0.19167376,0.016282458,0.09277492,0.008629051,0.45240647,0.28717884,-0.81501186,0.0033623842,0.3558293,-0.08975114,0.48213032,0.14278892,0.5384053,-0.69258374,-0.9129581,0.47366282,0.12724026,0.14711069,-0.2042423,-0.29002038,-1.0633
"TPS1F0028","110820aq",1.7499617,1.0367548,0.99786174,1.6118534,0.72128904,1.369705,1.1244204,1.2641813,0.44209892,-0.2905393,0.12885661,0.55504435,0.41187984,0.5100172,0.52653563,0.24392645,1.0259758,0.23235954,1.2245978,0.69421464,-0.31798092,0.60034794,0.19889008,1.4158593,1.2825639,0.74596685,1.0505184,0.560824,0.42804798,0.2301206,0.29877087,0.3846
"TPS1F0029","110824ks",-0.014770884,-0.32418364,0.1853849,-0.0020382758,0.034208536,-0.76076,-1.1089449,-0.91055256,-0.52762187,-0.19923533,-0.24098955,0.102083944,-0.3337565,-0.02589577,0.73026717,-0.15077217,-0.059239265,-0.5031088,-1.1170702,0.23115373,-0.12384274,0.748642,-0.103609845,-0.5755074,-0.44102073,-0.7132146,-0.87833935,-0.1967524,-0.31726798,0.33686772,0.38677204,-0.8699
"TPS1F0030","110812jd",0.15063979,0.27286494,0.49429703,0.35230857,1.3704327,1.0808672,0.29878935,0.74440974,-0.13778216,0.15283623,0.38610473,0.18661213,0.24191548,0.39572436,0.3204594,0.25538257,1.3608917,-0.20593731,0.5468933,0.04966077,0.19957659,0.4046131,0.9699814,0.15778944,-0.50835305,-0.21049729,0.16463342,0.7958797,0.17651737,0.33215392,0.5889427,0.5413
"TPS1F0031","110827dt",0.09641308,-0.17121658,0.015042046,0.08395254,0.74779075,0.44264638,-0.0073857014,0.24903823,-0.45486888,-0.41520843,-0.4190488,-0.06685899,-0.2317399,-0.060822286,-0.04025911,-0.34826064,0.67018884,-0.56864995,-0.006502591,0.2041916,-0.44344342,-0.13572504,0.17531635,0.516198,-0.21833518,-0.46593475,-0.11626537,0.07811976,-0.08401427,-0.077032104,-0.07091625,0.0141
"TPS1F0032","110828ba",2.0209725,0.8711094,1.1966393,1.8910948,1.0695856,1.1067921,1.4571645,1.2575257,1.5769346,0.7715073,0.98423713,0.67642975,1.05342,0.93517125,-0.09139132,0.9741697,1.1483376,1.7311704,1.6659995,0.19914937,0.77543426,0.7047449,-0.018336613,1.5027956,0.85518837,1.4123384,1.093702,0.37418443,0.32510057,0.6767961,0.8712875,0.2023
"TPS1F0033","110903jm",0.025825083,0.14394711,0.29717794,0.26206037,0.4011348,0.4414768,-0.4064468,0.07669184,-0.25011992,-0.51606774,-0.38518435,-0.027321558,-0.21897678,-0.15132727,-0.06286146,-0.2769874,0.4748191,-0.077166274,-0.36107782,-0.8108031,-0.70213705,-0.023893587,-0.028798139,-0.5081659,-0.18031915,-0.2215188,-0.08931452,0.040457945,0.19520968,-0.5070496,-0.08280706,-0.2618
"TPS1F0034","110917ss",0.28148577,0.3354328,1.0375668,0.23529223,-0.10386297,-0.07747506,-0.24842517,-0.15101947,-0.023667527,0.3130126,0.28566435,0.18270478,0.12361483,0.1600987,0.21307564,0.23835431,-0.1211646,0.07893488,-0.106079504,0.7895377,0.274059,0.21934828,-0.5310698,0.07323811,-0.184887,0.2083873,-0.30924463,-0.49330506,-0.53812313,-0.3670722,-0.2765401,-0.6863
"TPS1F0035","110903mb",0.28733304,-0.4984021,-0.03446927,0.3878993,-0.88558143,-0.1425739,-0.767786,-0.41154623,0.09427146,-0.7294434,-0.31546432,-0.5039812,-0.36073327,-0.4675813,-0.15200788,-0.41350776,-0.72769403,0.14164439,-0.7323554,0.009515264,-0.6753619,-0.37208974,-0.3349747,-0.29943973,0.11175412,-0.06900858,-1.0013211,-0.061855353,-0.82267267,-1.2036017,-1.1748087,-4.2183
"TPS1F0038","110924lm",0.26693845,0.7932144,1.3158889,0.65946275,0.63746935,0.83250564,0.8054688,0.82087415,0.28302667,0.099056594,0.054279637,0.18981479,0.2757661,0.39885482,0.2271647,0.21338701,0.8287878,0.35263482,1.4172659,0.13716683,0.27609062,0.18462123,0.29095164,1.1434469,0.2159578,0.3296606,0.74629444,0.48943514,0.22370574,-0.26003197,0.0047864723,0.4796
"TPS1F0039","110925ml",-0.028757242,0.09403189,0.37604037,0.19210066,0.19576298,0.33750638,-0.48822555,-0.017731503,0.098501585,-0.020557499,0.085815646,0.041508086,0.04098354,0.04504926,0.16363312,0.08341817,0.33036032,0.11388011,-0.694344,0.050312907,0.044329174,0.046734635,0.4538418,0.0054835407,0.21354082,-0.022107376,0.20887949,0.47047836,0.104769886,-0.1334887,-0.19155988,-0.1983
"TPS1F0040","110918ms",1.1552757,0.02626901,0.36540908,0.93532234,0.42317,-0.25376448,1.2324622,0.38562468,-0.2899943,0.037745215,-0.18559232,0.33045664,0.048043925,0.22158226,0.19470921,-0.06785662,0.33896288,-0.40548858,1.9401119,-0.21397522,0.10886188,0.5930974,0.33085772,1.4529642,-0.0758729,-0.6606903,0.27017644,0.51462436,0.24580662,-0.051473435,-0.117103264,-0.0993
"TPS1F0041","110924pl",0.2537973,0.1933694,0.67200154,0.38793695,0.4420252,0.16525795,-0.60646355,-0.16674413,-0.64556354,-0.314202,-0.023809807,0.1741043,-0.1959571,-0.03342479,0.2862875,-0.07045773,0.37923926,-0.6105504,-0.4765758,0.018699175,-0.3579299,0.33346912,0.32704428,-0.13464159,-0.35092995,-0.27616352,-0.26247388,0.2659887,0.28478643,-0.02890323,0.08183644,-1.8013
"TPS1F0042","111008jg",0.1660339,-0.4998367,-0.40605432,-0.18563575,-0.7957941,-1.1192628,-1.4879173,-1.2778616,-0.73342687,-0.5570615,-0.419456,-0.3094598,-0.6371307,-0.6594114,-0.26763567,-0.33312353,-0.9091784,-0.9685868,-1.2221792,-0.09051894,-0.7364208,-0.468338,-0.7157452,-1.3799907,0.18560301,-1.2226121,-0.39206052,-0.61509883,-0.5738231,-0.6166484,-0.513934,-0.4663
"TPS1F0044","111016jl",0.29815033,0.29161876,-0.008653341,0.40480462,0.4425128,0.34285757,0.085693434,0.23222306,-0.19130513,0.08201409,0.07165837,0.14910248,0.060134232,0.11549215,0.16321968,0.09078164,0.5014146,-0.23135428,0.031221826,0.12726283,0.110933974,0.21681438,0.023356887,0.059188265,0.47861132,0.21148175,0.09031341,0.07659331,0.2075728,-0.28366077,-0.053461127,-0.2672
"TPS1F0045","111030me",0.32805723,-0.25487262,-0.051476497,0.22756593,-0.24608584,-0.4653717,-0.14078096,-0.32572958,-1.1033608,-0.04625391,-0.6842485,-0.035207115,-0.44958383,-0.4121603,-0.1370304,-0.85234946,-0.33412045,-1.2255261,-0.2966895,0.011176775,-0.21843031,0.009354395,-0.7590465,0.13280264,-0.5885688,-1.2415692,1.2667248,-0.21955295,0.45104405,-0.7633253,-0.9557119,-0.9124
"TPS1F0046","111016ss",-0.17713726,-0.3638835,-0.792662,-0.34468862,0.2967997,0.04281166,-0.5633728,-0.21797478,0.11448482,0.08113555,-0.36702263,-0.28696603,-0.1324276,-0.07939374,0.33733127,-0.47418323,0.306056,0.08823691,-0.5170787,-0.46231398,0.07005863,-0.13334867,-0.6023362,-0.72934437,0.47794297,0.47218296,-0.052846197,-0.19281386,-0.46297762,0.24528705,0.33613288,-0.9276
"TPS1F0047","111030am",0.44942588,-0.26699862,0.04279385,0.37661874,0.05059211,-0.06397396,-0.18367621,-0.115471035,-0.6712724,-0.30409536,-0.43793064,0.048084952,-0.29916483,-0.20789932,-0.14028238,-0.45141235,0.11363473,-0.6213257,0.084846385,-0.30090064,-0.2821797,-0.11116807,0.14945218,-0.113861255,-0.07102356,-0.632861,0.15566684,0.29152316,0.5395077,-0.5990718,-0.90209,-0.7799
"TPS1F0048","111029jg",0.1390273,0.64817345,1.4467074,0.51867944,-1.2215862,-0.9379578,-0.379566,-0.6977323,-1.6097856,-1.3235255,-0.63728684,-0.05950591,-0.8608692,-0.75391775,0.106459394,-0.663764,-1.3947048,-1.8395543,-0.8551465,0.09240057,-1.5481173,0.45665982,1.2381686,-0.8813391,-0.59701526,-1.5806575,1.3649799,1.4105875,0.7807758,-0.8995466,-0.9774006,-0.3287
"TPS1P0001","110616js",1.2900783,0.34261248,-0.515514,0.7368061,0.17965217,0.9958027,2.0892842,1.466229,0.634046,0.66994834,1.1682508,0.64708775,0.88883877,0.5508623,0.28723043,1.0492433,0.43251467,0.3375226,1.6175507,0.30341104,0.55171037,0.26230127,0.33117044,1.6844206,1.0242041,-0.37419632,1.5308448,0.2578456,0.8876145,0.41329902,0.62669027,0.0063
"TPS1P0005","110623jr",2.0296574,1.1948922,2.9133124,2.4183297,1.7688634,2.6906805,2.509781,2.6128557,0.56095475,0.061659552,0.6962656,0.655068,0.8667948,0.96092206,0.5069371,0.9677361,2.325422,0.2970764,2.4371371,-1.5181798,0.12221038,1.3997409,1.8366648,2.716167,1.491086,1.1567187,0.6475467,2.3080134,1.9437774,-0.65955144,-0.4761069,0.3042
"TPS1P0006","110627jr",-1.4582928,0.44040775,0.25069386,-0.7997889,-0.43721595,0.62371486,-0.31943077,0.21796444,-0.36118603,-0.12908544,-0.04416339,0.09210681,-0.054718755,-0.21147108,0.21739158,-0.09665898,-0.06369732,-0.5176334,-0.7173204,-0.2593739,-0.2405402,-0.13547368,0.4702824,-0.78650796,0.6749519,-0.48424944,-0.21073076,0.480586,0.20824188,-0.83155686,-0.5709356,0.3284
"TPS1P0007","110630al",0.5613746,0.76322407,1.1184871,0.8016843,-0.59881437,-0.06690337,-0.18214154,-0.11647993,-0.33166084,-0.6526418,0.13825195,-0.3397832,-0.26630256,-0.27644405,-0.4041229,0.1918443,-0.50875527,-0.5334366,-0.29737908,0.009472674,-0.7290724,-0.04497091,0.1655855,0.072577536,0.8812205,-0.9886557,0.36641598,0.7264581,0.44465068,-0.2316617,-0.48420018,-0.8424
"TPS1P0008","110629rm",0.9553673,-0.084519185,0.718781,0.90420485,0.9728808,0.67024845,0.27362245,0.49961612,-0.014603198,0.37875655,0.4364324,0.3735648,0.32172614,0.4973861,0.32735938,0.48566782,0.9577427,-0.018058611,0.48917258,0.49208784,0.40590298,0.8918981,0.7055835,0.6743979,-0.41672787,0.016856173,0.22255811,0.29491013,0.64595294,0.12895997,0.2791072,-0.0665
"TPS1P0009","110703am",0.61557055,0.12904774,0.45288485,0.6473357,0.6063409,0.70024246,0.08490768,0.43551952,-0.12241625,0.5702433,0.6062845,0.34269083,0.34802005,0.34165362,0.10143394,0.7918727,0.7841338,-0.22866249,0.012451506,0.2877153,0.6968639,0.23104998,-0.17211172,0.27682182,-0.39470682,-0.6471567,-0.53702855,0.069280475,-0.11487936,0.06888251,0.06430211,-0.236
"TPS1P0011","110725pr",0.3098658,0.38200834,0.3498723,0.37803993,1.0091165,1.2907927,0.4829545,0.9432528,0.51420355,0.43420634,0.6233099,0.4141983,0.5709979,0.5318577,-0.127316,0.67230904,1.2127236,1.0174646,0.7383665,1.0811746,0.46710366,-0.28731668,0.34230557,0.957265,0.52434796,0.68002677,-0.07886617,-0.1813347,0.2547104,-0.41051129,0.52050185,-0.3497
"TPS1P0012","110720ac",0.5801509,-0.025682788,-0.077781625,0.36981332,0.59550667,0.09509951,-0.0056032035,0.05177623,-0.43192342,-0.29494047,-0.37835398,-0.22212477,-0.2654987,-0.13040073,-0.38308516,-0.28387174,0.6058156,-0.50828034,0.20942101,-0.07943347,-0.3775676,-0.24563022,-0.18401586,0.3205545,-0.13498923,-1.1541873,-0.44190788,0.02770731,0.31022468,-0.6511158,-0.6330078,-0.0929
"TPS1P0013","110722cr",0.26913124,0.42991084,0.30499774,0.33101165,0.42312828,0.7083318,0.5485341,0.6395853,0.18481848,0.042996492,0.13246097,0.067615725,0.19958475,0.25864816,0.07667552,0.2195242,0.59447896,0.27238733,0.63113755,0.017258316,0.010332272,0.1653238,0.07367682,0.74901325,0.20505765,-0.015282086,0.18302818,0.26089582,0.17497753,0.2565596,0.28823966,0.0648
"TPS2001","120720ib",-0.73446,0.22767967,-0.20369582,-0.5589607,0.4020974,-0.24276608,-0.76141894,-0.4658956,-0.16130432,0.012577863,0.24572757,-0.2993938,-0.13434127,-0.017852755,-0.13825719,0.2891508,0.4264726,-0.04631984,-0.72161657,0.020110033,-0.0121801635,-0.5083408,-1.3921019,-1.0598127,-1.1869402,-1.2600243,-1.2347865,-1.3444818,-0.5748416,-0.7996814,-0.40605494,-0.41237
"TPS2002","120731ta",2.4781337,0.46494177,0.37060398,1.7484549,0.08069638,-0.09076517,1.2325836,0.4785523,0.8859534,0.022271954,0.6849592,0.6530244,0.5635117,0.51698124,0.18966289,0.8096554,-0.20138477,1.2295237,1.7010438,0.5089305,0.37591696,0.45418695,0.42404673,1.8273224,-0.6092558,1.2762432,-0.016914224,0.6484174,-0.34221414,-0.7391211,-0.8276568,-0.33465
"TPS2003","120714mm",0.44045264,-0.28722295,-0.16392201,0.36176205,0.5029702,0.59540343,0.7331246,0.6546525,0.17257689,0.009224322,0.040121388,0.40090555,0.25121668,0.32479975,0.6523386,0.06216589,0.5927259,0.22452495,0.92053854,0.008032966,0.16090095,0.43932387,0.13628554,1.0644253,-0.086898595,0.29177442,0.43663436,-0.21049151,-0.037918143,-0.32102734,-0.5576145,-0.11786
"TPS2004","120714bl",-0.6101658,-0.33612177,-0.037797987,-0.5202119,0.66024595,1.2799857,0.14947152,0.79362756,0.43360224,0.33370334,0.49149814,0.20172252,0.4350358,0.25534335,0.040302396,0.39987615,0.9150455,0.35644436,0.10207202,0.17002586,0.27990547,-0.5211097,1.0749369,0.0877741,0.827291,1.1039374,0.27230206,1.1931245,-0.49680316,0.09730206,0.31549782,0.16711
"TPS2005","120714th",0.10461586,2.808109,1.7184885,0.69178087,2.3263144,2.7140958,2.227981,2.5049644,2.8172197,1.3926643,1.3576802,1.1409202,1.8366318,1.842683,1.2665566,1.4707922,2.4237142,2.49368,1.7966675,1.0195776,1.6837113,1.7246529,1.3967392,0.8885349,3.4108233,2.592721,2.9671073,0.5924296,0.034103632,1.7434137,2.1845777,2.0322
"TPS2006","120717nk",-0.112014405,0.11812261,0.49810562,0.09947371,0.1633679,-0.035504755,-0.107002646,-0.066263825,0.032629836,0.024600549,-0.45130116,-0.002286306,-0.08664381,-0.048653353,-0.21746717,-0.45131895,0.19585933,-0.010321772,0.001444697,0.012191831,0.038093865,0.073380016,0.8023602,-0.9682439,1.2827559,-0.09349485,-0.2984603,0.6129953,0.39330807,0.26909468,0.3918047,0.012456
"TPS2007","120715tk",-0.4111614,-1.3513395,-0.5416522,-0.61431664,0.35233796,-0.20872785,0.21298304,-0.027303724,-0.67986065,0.1988457,-0.54285437,-0.06354858,-0.2376997,-0.12301351,0.1709238,-0.453944,0.26731426,-1.1530616,0.46624684,-0.1566061,0.11214395,0.06811285,-0.08346266,0.0071362737,0.83631825,-0.08005801,0.9539674,-0.32773286,-0.2967795,-0.56501037,-1.1282922,-0.16386
"TPS2008","120718az",-0.4263969,-0.5439925,0.34217995,-0.4300394,-0.5176266,-0.30397213,-0.4264434,-0.35666043,-0.029906012,-0.32714382,-0.26819625,-0.49751958,-0.2934191,-0.34191224,-0.26270473,-0.3392783,-0.5278883,-0.08043509,-0.28858042,0.11770743,-0.5320385,-0.22432448,-0.9899487,-0.7386715,-0.33546093,-0.08757314,-1.0894756,-0.84255135,-0.47076058,-0.11993783,-0.50241077,-0.053207
"TPS2009","120729jr",0.2682629,0.20176037,-0.25010923,0.20321652,1.2815994,0.9714233,-0.68591326,0.2584211,0.37647566,0.16312456,0.025139583,0.2362097,0.21711734,0.31063715,0.15713316,0.22226605,1.1843612,0.4514568,-0.7743421,0.12888099,0.18385823,0.49864203,0.30333707,-0.72615594,-0.63159144,0.73321795,-0.4066143,0.0963417,0.31187862,0.14983591,0.09685803,0.16052
"TPS2011","120801lh",-0.13146977,-0.42995244,-0.8729704,-0.16766645,0.7179138,0.33148438,0.52125764,0.41312665,0.3397394,0.68755573,0.50945914,-0.09820276,0.3501589,0.5096813,0.045600753,0.45468813,0.81027186,0.76877654,0.3868839,0.21735327,0.9056084,0.29817587,-0.32812223,-0.27170077,0.28495175,0.330646,-0.8795089,-0.5098852,0.31047532,0.27855337,0.36777857,-0.065517
"TPS2012","120729oc",0.4601522,0.96477544,1.0218327,0.54793656,0.83305866,0.9679425,0.22897367,0.6500309,0.06426086,0.1455658,0.37278658,0.27518559,0.2869855,0.27105606,0.28390765,0.29473075,0.93469465,0.09091042,-0.17702839,0.20555735,0.102443114,0.067558765,0.1279656,0.35274023,0.14181654,0.2219918,-0.13740078,-0.1381993,0.23468177,0.17630076,0.5549572,0.14658
"TPS2013","120812jj",0.73257726,0.31734622,0.059374917,0.61285484,-1.3757108,-1.4060898,0.53375554,-0.5715494,-0.9389274,-0.16356757,0.07974419,0.15206097,-0.28771392,-0.3487571,0.12804133,0.018947033,-1.6790098,-1.1185527,0.5085295,0.24711752,-0.23317169,0.47828177,0.6508116,0.2271245,-0.34974948,-0.830924,0.42616653,0.17543791,0.087618195,-0.7634917,-1.1212058,-0.43462
"TPS2014","120803jg",0.44061825,2.5176456,1.2265991,1.1760387,2.0672123,3.5908208,1.2757305,2.5948465,-0.49113953,1.0707375,0.59186834,0.8778217,0.84815145,0.85591185,0.30108362,0.6010545,2.8275383,-0.4747501,1.0919405,-0.8114173,1.1839038,0.3735924,1.1096945,1.9489284,0.016329186,-1.4395155,0.53048635,0.97404474,1.908153,-0.05213368,-0.09621337,0.34413
"TPS2015","120812mb",0.6455767,1.3149762,0.2532118,0.65151864,0.7034596,1.1083809,0.1537045,0.6976699,0.43283826,0.6837164,0.75992596,0.51838195,0.6072451,0.5279596,0.3084779,0.665077,0.88035697,0.38279322,0.06746151,0.46120185,0.79655033,0.4169409,-0.61211866,0.42997548,0.2399975,0.48592612,0.32655317,-0.43103343,0.16603145,0.643664,0.74732727,0.1737
"TPS2016","120823bs",0.061060622,-0.38388628,-0.2797202,0.22791232,-0.3126845,-0.33933103,-0.35012713,-0.34397566,-0.12642196,0.32407442,-0.17990997,-0.023259128,-0.066484146,0.020290028,0.10943405,-0.18102454,-0.21583365,-0.25046554,0.3465245,0.11803813,0.592064,0.27646244,0.47721323,-0.092263825,0.61675054,-0.29686683,-0.08711757,0.4281958,-0.6092137,-0.7951967,-0.47789627,-0.41217
"TPS2017","120803sd",0.065421656,0.56482995,0.04756672,0.26801014,-0.022743877,0.14624654,0.40708947,0.25846368,-1.0004451,-0.34807155,0.05902375,-0.07904958,-0.25014913,-0.2827811,0.032691002,0.18795344,0.0045893593,-1.0504012,0.07649625,-2.1346362,-0.23325333,-0.45408148,-0.4719451,0.22100723,-1.919192,-0.44543546,0.28200418,-0.3659,0.47911173,0.39937395,0.4024918,0.58225
"TPS2019","120812ah",-0.3697802,0.51206565,-0.024906214,-0.21980378,0.2880737,0.5621555,-0.69625676,0.020774331,0.9497737,0.023022665,0.1802469,0.23814093,0.30819446,0.1540273,0.41249353,0.3345698,0.3778307,1.1777502,-1.1503818,0.11269014,0.17560335,-0.17403518,0.036875576,-1.966918,-0.80680454,-0.003737375,-0.75703615,-0.27393827,-0.56840885,-0.35913345,-0.32466343,-0.26273
"TPS2020","120812hc",0.08094183,0.39668262,0.6979029,0.28001666,0.3162946,0.2667366,-0.6508762,-0.12802935,-0.5060931,-0.09026584,-0.11319295,-0.10219414,-0.19648446,-0.19172616,-0.25000608,-0.21783906,0.31783417,-0.57309186,-0.5775139,-0.2970173,-0.06713953,-0.16772875,-0.15725696,-0.14304253,-0.56947136,-0.8836492,0.45333177,-0.024781736,0.010802019,-0.5906474,-0.60600305,-0.06412
"TPS2021","120831dl",-0.20489572,1.9809813,2.1254601,-0.007036566,1.820205,2.7679002,1.5114694,2.2273715,0.19445229,0.2061967,1.6094241,0.88141763,0.9728135,0.9686332,0.6382241,2.1451583,2.0390842,0.36919528,0.830533,1.2856745,-0.023239458,0.32387367,-0.12344565,1.679443,-0.17409799,0.87358373,0.37789983,0.11799469,0.28204444,-0.06786258,0.054576512,0.5794
"TPS2022","120825ac",-1.0834509,-0.5620366,-0.920287,-0.98316526,-0.85965335,-1.1711581,-1.6662737,-1.3841617,-1.8333815,-1.2523324,-1.4923103,-1.0042474,-1.394003,-1.215333,-0.927953,-1.4067166,-0.8117767,-1.6491057,-1.8100723,-1.4033295,-1.5283487,-1.0530246,-0.38854012,-1.6261526,-1.4332141,-0.66954964,-0.8482355,0.2050825,-0.5792054,0.17546962,0.27506948,-0.33578
"TPS2023","120815sa",0.2721389,-0.7615219,0.021970619,0.25456548,0.4857006,0.38583457,0.62944686,0.49063897,-0.40722325,0.017039832,-0.3272534,0.24586405,-0.010369945,0.08936008,0.63640016,-0.2547559,0.5694649,-0.27783352,0.7843454,-0.096808486,0.030163545,0.20435664,-0.0034131813,0.5499516,-0.0634397,-0.62569726,-0.6343519,0.085143946,0.3153209,-0.69264585,-0.6537891,-0.56132
"TPS2024","120826so",0.026990918,0.1215257,-0.97312033,-0.061265994,-0.11157558,0.16318744,-0.7863122,-0.24529651,-1.1831841,-1.3665278,-0.7270361,-0.40233997,-0.79153043,-0.6736005,-0.004663194,-0.77566445,-0.0003909522,-1.2488809,-0.81714743,-0.0069521377,-1.6440822,-0.3844258,-0.2817838,-0.11275705,-1.4823105,-1.980582,-0.26417595,-0.22337292,0.1572086,0.098405875,0.23331337,0.19102
"TPS2027","120909jb",-2.5376427,0.16037017,-0.6037935,-2.0308144,0.5197723,-1.4552917,-2.9506824,-2.0986235,-1.9580228,-0.731288,-0.48549443,-1.056975,-1.265747,-0.99761254,-0.6642353,-0.6963461,0.50951576,-1.795856,-3.5755107,-0.86614084,-0.7215015,-1.4165474,-0.64255935,-3.6120648,-2.973389,-2.73196,-1.677737,-0.5559313,-1.1647878,0.030432025,0.15084994,-0.09404
"TPS2028","120828kz",1.0167476,-0.27649766,0.53341615,0.92886615,0.8970344,1.1519505,1.1952878,1.1705946,0.4446599,0.3298847,-0.08482306,0.37880903,0.43102896,0.5946255,0.53892887,-0.16939275,1.16691,0.19867946,1.4382542,0.6117359,0.4914435,1.1329135,0.7724955,1.3847437,0.8137939,0.63018656,0.9351792,0.25859553,0.38733432,-0.053163804,-0.015649814,0.048572
"TPS2029","120829bd",0.8243725,0.46628687,0.68265206,0.938455,0.044917017,0.22791488,-0.54144126,-0.1030696,0.5340366,0.45770591,0.40376845,-0.019067181,0.2598378,0.14783831,-0.069187686,0.33463207,0.2869563,0.29154676,-0.6761379,-0.29754046,0.3334927,0.09043215,0.19358332,-0.83238184,0.77397656,-0.6573895,0.13088188,0.206782,0.8103105,-0.20083648,-0.61050916,-0.088613
"TPS2030","120831nw",1.2278965,0.51028275,1.252507,1.487709,0.92835504,1.3427757,1.2639635,1.3088698,0.29082736,-0.035316527,0.19896047,0.5754947,0.45154542,0.560116,0.62321573,0.26639226,1.0519462,0.39943117,1.0239105,1.1120324,-0.029258769,0.5810151,0.6211216,1.5107483,1.1153555,0.063565455,-0.47055808,0.51685095,0.5403859,0.033837494,0.057509728,0.06169
"TPS2031","ebf10dis00031",0.4836951,-0.33802164,-0.06974664,0.31791142,-0.03808409,0.12330384,-0.026004579,0.0590699,0.16376224,0.28678703,-0.21871765,-0.03966583,0.049085706,0.09632954,0.36229807,-0.29043606,0.111061625,0.0003729842,0.07185417,-0.5374304,0.39294022,0.13869041,-0.24854748,-0.20956346,0.6148168,0.22486423,0.29171953,0.06064836,0.56715816,0.2370817,-0.25078118,0.075521
"TPS2032","120908cc",0.60963535,0.55905706,1.3727567,0.6066723,1.1844828,1.3698019,-0.09595266,0.7392201,0.8866662,0.42674178,0.48038313,0.5802821,0.6279575,0.56390727,0.4681267,0.4473183,1.2391988,0.97495717,-0.26965132,0.2315287,0.5127941,0.33973256,-0.6042144,-0.5065904,0.81868,0.9325223,-1.093385,-0.39222074,0.8458317,0.6597571,0.61402977,0.70942
"TPS2033","ebf10dis00033",0.53511816,0.77508545,0.5629715,0.64824677,0.3154561,0.7029227,0.5676693,0.64473534,0.24757011,0.43913049,0.23102115,0.43989956,0.39191425,0.39783457,0.2740868,0.2805851,0.52157533,0.32268766,0.5052934,-0.058609158,0.44002014,0.7398796,0.6618379,0.6984833,0.50523025,0.75928205,-0.23236567,0.7057468,0.46427003,0.11167903,0.20106426,0.10378
"TPS2034","120908sb",-0.02867528,-1.0277594,0.28088322,-0.015105687,-0.8338697,-0.8045752,-0.8433177,-0.8212427,-0.60850316,-0.69458854,-0.21709675,-0.12589368,-0.4761198,-0.48708466,-0.11195784,-0.38573444,-0.95662093,-0.6038061,-0.71716326,-0.08608385,-0.76272446,-0.03736928,-0.44878104,-0.3591562,-0.57265913,-1.014284,-0.18129101,-0.3067098,-0.60234493,-0.2631753,-0.60724753,-0.43834
"TPS2035","ebf10dis00035",0.36832002,-0.07502603,0.075707085,0.36766118,0.22089086,0.4457524,0.0021798264,0.25492316,-0.18387426,-0.06987357,0.17239486,-0.4484429,-0.07921243,-0.09457718,-0.47854048,0.17275465,0.17442814,-0.27129954,-0.07759075,0.08685287,-0.1212009,-0.1818217,-0.24828683,0.24793117,0.006768732,0.027687632,-0.6492204,0.09039658,0.1373116,-0.33768633,-0.42966682,-0.18121
"TPS2036","ebf10dis00036",0.8094501,0.15546955,0.75847596,0.7230808,0.37206352,0.5517346,0.48608115,0.5234899,-0.07499653,0.42888027,0.0064440155,0.38699123,0.24222879,0.3930877,0.4707892,0.1505338,0.5932012,0.023582125,0.47406217,0.12325597,0.6569417,0.63702226,0.6916523,0.57651955,-0.04241801,-0.21868783,0.12525696,0.24357086,1.0711615,-0.39777306,-0.13119638,-0.044437
"TPS2037","120909pm",1.3046638,2.2964504,2.0732229,1.7285975,1.5709285,2.084455,0.9619319,1.6015346,0.8636091,0.68310237,0.84425116,0.8530601,0.950269,1.0296834,0.7248205,0.9018551,1.963937,0.983278,1.0180503,0.9351889,0.8823223,0.79722166,0.52205753,1.5364841,0.33911222,1.3183526,-0.28641146,0.39602172,1.555205,-0.16675772,0.5334049,0.19167
"TPS2038","ebf10dis00038",0.3203306,0.62894017,0.8882297,0.48610955,0.65572363,0.53702265,-0.16203606,0.23628081,0.24389315,0.2465134,0.33633116,0.36490297,0.28834227,0.36341965,0.61526763,0.3647345,0.7423193,0.2590183,-0.17538819,0.07186661,0.22098538,0.5759065,0.114790894,-0.17679349,0.2863667,0.0042055133,0.4089344,0.2361872,0.1473668,0.679834,0.4710976,0.28851
"TPS2039","ebf10dis00039",0.90676713,0.4845022,0.2154341,0.63352025,0.84957653,0.5724433,0.76533353,0.65542656,0.16108067,0.064412735,0.337538,-0.04123398,0.21561378,0.45995733,-0.019161588,0.53712165,0.83689,0.3918673,0.78313494,0.97245914,0.015943566,0.29813072,-0.45338497,0.56158125,-1.2339922,-0.21423416,-1.0320686,0.08623328,0.094856896,0.67534864,1.1567241,0.20435
"TPS2040","ebf10dis00040",0.0012289148,-0.5256172,-1.2723405,-0.3064306,-0.6131096,-0.55860245,-0.5673423,-0.56236243,-0.76410913,-0.83778715,-0.7546436,-0.44689828,-0.66932154,-0.5916684,-0.33776933,-0.85462105,-0.5032753,-0.5461822,-0.37852275,-0.1602543,-0.85760015,-0.5404557,-1.1188978,-0.30351442,-1.5333005,-0.24365464,-1.0232723,-1.010342,-0.46742192,-0.8697521,-0.9716825,-0.65596
"TPS2044","ebf10dis00044",2.000864,1.1856465,0.54692066,2.1032658,1.3430152,1.3836273,0.82052314,1.1413743,0.94532144,0.98762286,0.9875804,1.282465,1.071592,1.1275758,1.1971184,1.2565601,1.2672268,1.0460856,0.62906826,1.2724938,1.124441,0.85150534,1.153863,1.3051833,1.2686965,1.1082247,0.46447763,2.0745854,2.4399927,0.6100877,1.113131,0.26322
"TPS2045","ebf10dis00045",0.052519184,0.19412515,-0.63875234,0.091250435,0.082129605,0.047407433,0.20652212,0.11586011,-0.5001495,-0.2206988,-0.22393249,-0.082147025,-0.19439436,-0.16118896,0.06431715,-0.18864113,0.24186209,-0.66238993,0.31234816,-1.7659167,-0.25906268,-0.052819923,0.17663813,0.24302205,-0.6881703,-0.7834096,-0.14529958,0.25523573,-0.7888997,-0.3707786,-0.30512547,-0.24685
"TPS2046","ebf10dis00046",0.3410974,-0.110833876,0.3852785,0.43876797,0.54024094,0.6640836,0.49018073,0.5892689,0.18949799,0.34667248,-0.15221348,0.22183946,0.22907458,0.31689826,0.6547405,0.021725662,0.6847319,0.17856221,0.47347546,-0.43128157,0.4653275,0.34411114,0.6501308,0.3993801,0.23981142,-0.2672698,0.160295,0.45867348,0.36440873,-0.13616861,-0.13826637,0.016692
"TPS2047","ebf10dis00047",0.29538944,0.1258427,0.27323192,0.2192271,-0.1143189,-0.38704228,-0.54228663,-0.4538299,-0.8599151,-0.23994471,0.12427807,-0.12488179,-0.31862327,-0.23044895,0.16261943,0.11872687,-0.18197848,-0.90019923,-0.19335371,-0.3679757,-0.4220183,-0.3191799,-0.08735329,-0.14487143,-1.1203493,-0.7265275,-0.027275832,0.20911023,0.15794198,0.36653373,-0.064655766,0.087528
"TPS2048","ebf10dis00048",0.7790881,0.77011865,0.5598563,0.7569891,2.1931365,1.9230722,1.0512351,1.5479995,0.7657689,1.4800737,0.8421426,0.63913643,1.0188804,1.1918298,1.1238259,1.0237118,2.476095,0.8362355,1.1026112,0.64687824,1.8813379,0.29110014,1.0047812,0.7370686,1.0534662,0.22946252,-0.34466398,1.0957705,-0.57004917,-0.44065884,0.08190991,0.012971
"TPS2049","ebf10dis00049",0.33880416,0.19627212,0.12373148,0.43636617,0.31940043,0.5546528,-0.14115849,0.25530803,1.4401252e-06,0.07252951,0.2886032,0.13523793,0.14342758,0.26913825,0.18058312,0.48367944,0.5372758,0.10751291,-0.07414296,0.4242873,0.20154817,0.3538119,-0.1385558,0.32831538,-0.28758857,0.28524503,0.19122791,0.074757874,0.45259932,-0.5114731,0.28081167,-0.1341
"TPS2050","ebf10dis00050",-0.53723097,0.29382783,-0.12409625,-0.411985,-0.2799868,-0.60737556,-0.4228456,-0.527989,-0.02423405,-0.22941835,-0.22733116,-0.3111858,-0.25306365,-0.32767135,-0.54058534,-0.25777307,-0.4786435,-0.12461881,-0.22390512,-0.6593185,-0.32026845,-0.380834,-0.46047178,-0.67611194,-0.2208372,1.0072362,0.24762894,-0.28037006,-0.5992387,0.5406618,0.41529676,0.343
"TPS2051","ebf10dis00051",-0.18534477,0.7258882,0.26530534,0.4415566,0.30831632,1.1875308,1.0338573,1.121419,0.40247825,0.2894843,0.4943401,0.1905011,0.47401413,0.5680861,-0.33849683,0.6093723,0.76431966,0.6334697,1.3592103,0.61256766,0.48254272,1.0188094,-0.22369176,1.1674014,0.3163677,1.325608,-0.40100408,0.69177324,0.9242059,-0.05856209,0.26861006,0.46437
"TPS2052","ebf10dis00052",NA,NA,NA,NA,NA,NA,NA,NA,NA,NA,NA,NA,NA,NA,NA,NA,NA,NA,NA,NA,NA,NA,NA,NA,NA,NA,NA,NA,NA,NA,NA,NA
"TPS2053","ebf10dis00053",0.3053034,0.39857134,0.6987133,0.44479138,0.7149876,1.1665311,0.7309092,0.97912246,0.34303585,0.6269574,0.30690855,0.4956943,0.5327632,0.7049633,0.585225,0.43230385,1.0331793,0.53896904,0.3620171,1.0246938,0.89995754,1.0320373,0.6886505,0.53908443,0.0036915825,0.3373709,0.0361399,0.46469152,0.11456145,-0.76347804,-0.36605975,-0.32211
"TPS2054","ebf10dis00054",-0.5636239,-1.7313825,-1.5375493,-0.79632735,-1.760252,-2.0502114,-1.9991503,-2.0282447,-2.3555086,-1.634244,-2.1163042,-1.1195254,-1.8378993,-1.6236495,-0.86324173,-2.050503,-1.9442341,-2.2479706,-1.6813191,-0.55739987,-1.850067,-0.8557077,-2.5673137,-1.2412003,-2.771549,-2.076892,-2.2985952,-1.8917432,-1.2233965,-2.8691537,-3.3743572,-1.8646
"TPS2055","ebf10dis00055",0.49093047,0.3307428,0.18131033,0.39349476,-0.24957186,-0.31478867,-0.75321615,-0.50340444,0.19522414,-0.012317504,0.035838224,0.25013772,0.018705316,-0.03805518,0.36732033,0.07932105,-0.37309453,0.32387295,-0.4257572,-0.32312265,0.15637045,-0.09521122,-0.47169036,-0.22761455,-0.9361701,-0.27444956,-0.5031601,0.05650508,0.24633703,-0.78581774,-0.34671602,-0.40164
"TPS2056","ebf10dis00056",-0.31046206,-0.44088262,-0.6586449,-0.30547637,-0.7995737,-0.9285595,-0.6509278,-0.80911964,-1.2755176,-0.79983896,-0.5586341,-0.30594853,-0.74877155,-0.68116915,-0.39151075,-0.55286074,-1.0321348,-1.2761892,-0.40431768,0.034826256,-0.84980774,-0.3945865,-0.80709743,-0.56175417,-1.2546864,-1.5208553,-0.5765604,-0.37758934,0.10987721,-1.5024409,-1.2504716,-0.77807
"TPS2058","ebf10dis00058",0.22504285,-0.15246363,0.089953706,0.15125856,-0.10459747,-0.41238952,-0.003683048,-0.23656005,-0.8025744,-0.35308674,-0.48515454,-0.1702508,-0.41702113,-0.2510949,-0.06524039,-0.56061965,-0.07244913,-0.852194,0.28264067,-0.38278776,-0.3059761,0.08318817,0.20010766,0.3858051,-0.39967322,-0.7466808,-0.8163751,0.15843508,0.46375135,-0.32654998,-0.46449754,-0.15984
"TPS2059","ebf10dis00059",0.15935487,0.3038293,0.34223762,0.30188912,-0.44265267,-0.5692087,0.32193,-0.18583216,-0.84467155,-0.4322453,-0.5697046,-0.06772344,-0.425382,-0.1915424,0.15419722,-0.63949555,-0.30590904,-0.974382,0.7319406,-0.4616769,-0.5399898,0.74114585,0.6544528,0.45311818,-1.1238616,-0.31237674,-0.37724644,1.0056984,-1.083763,-0.8933912,-0.98921114,-0.40896
"TPS2060","ebf10dis00060",-0.7427734,-0.79352355,-0.9327257,-0.6820748,-0.6725578,-0.42603946,-1.060601,-0.699034,-1.1543707,-0.7062209,-0.71949923,-1.0074939,-0.87589186,-0.7648195,-0.97104394,-0.6874382,-0.485921,-1.09898,-1.0611299,-0.6909446,-0.5696074,-0.7778704,-1.3097497,-0.71592313,-1.1561074,-1.2022852,-1.3193071,-1.0951492,-1.2286097,-1.3714163,-1.2556772,-1.0067
"TPS2061","ebf10dis00061",0.42181462,0.38037598,0.6400191,0.5884912,0.23113821,0.3387111,0.51884466,0.41620633,-0.34814072,0.086185634,0.2746442,0.22351973,0.1133862,0.16479862,0.27033827,0.3648567,0.36294144,-0.48729593,0.6756286,0.044506963,-0.06731492,0.22156113,0.73569137,0.45020038,0.15476911,-0.65180874,-0.17194176,0.86999923,0.1976741,-0.31951967,-0.24968506,-0.17435
"TPS2062","ebf10dis00062",0.8356565,-0.7939705,0.021117508,0.28247833,0.24438535,-0.59668505,-0.72168934,-0.6504631,-0.28126338,-0.14785004,-0.2906581,-0.18350825,-0.29921266,-0.10608299,-0.33059058,-0.41572922,0.22743951,-0.19446906,-0.1516485,-0.54396296,0.037730493,0.14869104,-0.33667833,-0.40886402,-0.39966446,-0.49988106,-0.24797386,-0.2937338,0.075368404,-0.4655306,-0.8972296,-0.11312
"TPS2063","ebf10dis00063",0.6079825,0.5601437,0.23011346,0.66587365,0.92233545,0.75456166,0.68741924,0.72567636,0.5837134,0.20046006,0.3244899,0.57776004,0.4854482,0.4930809,0.3932158,0.33243343,0.94456035,0.7081383,0.5073114,0.43964952,0.14363152,0.45076942,0.70055544,0.41197583,0.46972165,0.8846341,-0.0954322,0.5715926,1.1748698,-0.03515127,0.3690171,0.1715
"TPS2064","ebf10dis00064",-0.34457898,0.4454493,-0.22673771,-0.21629919,-0.06534472,-0.034269296,-0.579794,-0.2689593,-0.076017715,0.11858974,-0.14713036,-0.32967353,-0.14412156,-0.16357821,-0.75113744,-0.1269657,0.066692784,-0.046971705,-0.42537117,-0.31568992,0.09163768,-0.45436403,-0.082434535,-0.7624173,-0.6331236,-0.77005196,-0.9631227,-0.28145796,-0.17179482,0.25172278,0.4346317,0.17117
"TPS2065","ebf10dis00065",2.4889686,1.7654128,1.1626142,2.3233912,1.8860788,3.1107397,2.917953,3.027801,1.6197892,1.7794421,1.6309754,2.2009768,2.0251486,1.9115871,1.7139162,1.7099812,2.5009363,1.7623615,2.4618003,2.21117,1.748403,2.065776,3.354811,2.687239,2.205628,1.7910036,2.0626373,2.6652465,2.0740106,0.64128387,0.41678682,0.84087
"TPS2066","ebf10dis00066",0.18557262,0.22043227,0.16433033,-0.058850072,-0.1776002,-0.36246803,0.729365,0.107249126,0.14375207,0.16982104,0.14755847,0.049763273,0.12171409,0.03405285,-0.24233213,-0.023054754,-0.32616708,-0.09804666,1.0129172,0.031325623,-0.012305291,0.040585376,-0.036599357,0.99723494,0.57009935,0.6385643,1.7761972,0.1911173,-0.71727824,0.67615664,0.5686024,0.36072
"TPS2067","ebf10dis00067",-0.29171202,-1.2672486,-1.483645,-0.65264857,0.1301305,0.4195113,0.17420554,0.3139784,0.22090875,-0.68614817,-0.65163165,-0.29238644,-0.2165362,-0.15553801,-0.29131937,-0.74271256,0.19523919,0.24017695,0.35443,-1.0102346,-0.7842561,0.3108939,-0.26876906,0.039553326,0.4722231,-0.45529503,-0.40607452,-0.52463454,-0.7827525,-0.35397097,-0.40813372,-0.22291
"TPS2069","ebf10dis00069",0.20544285,0.25454023,0.50812364,0.4168226,0.052706134,0.46118167,0.55201614,0.5002595,-0.3556737,-0.27875343,-0.044339713,0.26387298,0.0059966305,-0.023770971,0.16080871,0.005499454,0.23156448,-0.4162719,0.5089481,-0.37696347,-0.3811348,0.2252961,0.15021366,0.63153946,0.07094838,-0.41643706,0.05967123,0.43089542,0.11689851,-0.63502204,-0.63074344,-0.22415
"TPS2070","ebf10dis00070",0.61747944,0.76142776,0.41503286,0.551574,0.75128496,0.4416129,-0.38030812,0.08801448,0.44432977,0.7110193,0.93466085,0.11855753,0.4530434,0.49307165,-0.22669636,1.2239983,0.61872715,0.53214014,-0.1596148,-0.3708316,0.89571124,0.18148293,0.025550967,-0.37764135,-0.6182793,0.26673117,-0.2303855,-0.086160235,0.49036252,0.4526411,0.96409655,0.22137
"TPS2071","ebf10dis00071",0.6356409,0.09833581,0.9396728,0.72112536,0.04573243,0.09819113,0.34953716,0.20632263,-0.384262,-0.15713301,0.16284151,0.4295887,0.04940312,0.1496315,0.3610204,0.23175344,0.19773856,-0.3112898,0.1462591,0.17507574,-0.17869306,0.6002608,-0.37682804,0.49422663,-0.25263104,-0.3200129,-0.39102015,-0.2773745,0.47383773,-0.051650237,-0.14260578,-0.049678
"TPS2072","ebf10dis00072",0.24180245,0.102694854,-0.5254773,-0.022081692,0.055108547,0.11372583,0.06371223,0.092209496,-0.02861873,-0.18836948,-0.065060444,-0.12152986,-0.06583529,-0.033354655,-0.21193871,-0.05792511,0.025486227,-0.025615666,0.21224968,-0.1664292,-0.18853973,0.03267793,-0.6608608,0.48217055,0.14146909,-0.16833729,-0.55636275,-0.25807968,-0.8320764,-0.2689924,-0.3783481,-0.099022
"TPS2073","ebf10dis00073",-0.21303767,-0.09132275,0.049818307,-0.29284298,-0.06750215,-0.44036275,-0.49083486,-0.46207634,-0.48776585,0.513979,-0.62976784,-0.115677275,-0.23916784,-0.13926005,-0.051108986,-0.73710334,-0.06390688,-0.55851233,-0.12901075,-0.8768523,0.6021098,0.34947115,0.38213217,-0.24140373,-0.48688853,-1.1359799,0.23674223,0.15204673,-0.8074254,-0.21513432,-0.5872509,-0.19508
"TPS2074","ebf10dis00074",0.85121137,-0.17343912,0.007894824,0.6876274,0.07163816,0.29365665,-0.1582304,0.09925044,-0.025035363,0.14582333,0.05254633,0.010575135,0.051116828,0.14835028,0.0022022713,0.15364228,0.21904318,0.22287744,-0.043394793,-0.26376697,0.33445945,0.29688802,-0.109260574,0.094308585,-0.64676094,-0.10254147,-0.24941052,0.16392918,0.26982546,-0.2742468,0.0041559907,-0.21818
"TPS2075","ebf10dis00075",0.67204106,0.79417956,0.8242127,0.83464515,0.5795208,1.048253,1.0985106,1.0698743,0.39667213,-0.4143893,0.66847795,0.94842875,0.5384158,0.39963803,0.793949,0.6730271,0.81853616,0.35916218,0.88264936,-0.14207806,-0.51719916,0.24110799,0.21818069,0.5497865,0.011418263,0.31613317,0.9366228,0.8795517,1.0788144,0.98953056,1.0078872,0.51012
"TPS2076","ebf10dis00076",0.4761375,-0.27487782,0.0033645988,0.28546026,0.0433711,-0.19310799,0.5198025,0.113593034,-0.041082174,0.24223939,0.19140628,0.18432657,0.13415204,0.13098742,0.29860756,0.16307797,-0.07939758,-0.17553954,0.68485975,-0.27694514,0.21372026,0.15851733,0.40702605,0.624134,0.24876063,0.026596753,0.11267288,0.48248935,0.23650655,0.17225103,0.28391257,0.12734
"TPS2077","ebf10dis00077",0.028737592,0.34990725,-0.47689596,0.012391861,0.65990555,0.44203717,-0.52232385,0.027159745,0.24765836,0.04670098,0.012438664,-0.35549638,-0.009928556,0.046972137,-0.27606466,0.12674202,0.6105007,0.13839729,-0.43675745,-0.05774705,0.14068152,-0.32977468,-0.15034202,-0.46201667,0.34245673,0.34393048,-0.932759,0.08556922,-0.9747196,-0.04312188,0.19555913,-0.15585
"TPS2078","ebf10dis00078",-0.030914452,0.06665948,0.05447299,0.098496966,0.39126286,0.49510708,1.1169755,0.7626409,-0.04461542,0.6425084,0.29724574,0.20257251,0.3436932,0.35225436,0.27455193,0.46360815,0.60682386,-0.12998398,0.8755863,0.24726357,0.6388065,0.5383629,0.2340499,0.66275287,1.3106304,-1.0426439,-0.048398815,0.6528783,-1.2090056,-0.59376705,-0.8198247,-0.49213
"TPS2079","ebf10dis00079",1.919375,0.71258163,-0.004021533,1.5765476,0.8180689,0.34253505,0.37199897,0.35521072,-0.30908117,-0.5314279,-0.3323784,0.5120481,-0.054448087,0.17704347,0.18148372,-0.38323334,0.6455646,-0.5315504,0.69825566,0.1418543,-0.41663265,0.9667809,0.10215471,1.3548216,0.54436105,0.21658486,0.55032545,0.3843036,1.2590175,-0.64866596,-0.5446213,-0.19161
"TPS2080","ebf10dis00080",0.0101383785,-0.68184894,-0.79215604,-0.12199233,0.4595996,0.45681933,-0.33293706,0.11705845,-0.33584082,0.06301588,-0.30356166,-0.11569033,-0.12758556,-0.008939814,-0.20717192,-0.21909016,0.7491448,-0.15471482,-0.39149368,-0.7035024,0.16196261,0.035016127,-0.46628776,0.058418218,-0.28354263,-0.6040271,0.2503141,-0.61924744,-0.351421,-0.38572305,-0.4405897,-0.19114
